{"type": "FeatureCollection", "features": [{"geometry": {"type": "Point", "coordinates": [130.119, 34.967]}, "type": "Feature", "properties": {"type": 0}}, {"geometry": {"type": "Point", "coordinates": [140.446, 42.368]}, "type": "Feature", "properties": {"type": 1}}, {"geometry": {"type": "Point", "coordinates": [130.115, 34.838]}, "type": "Feature", "properties": {"type": 0}}, {"geometry": {"type": "Point", "coordinates": [130.064, 34.727]}, "type": "Feature", "properties": {"type": 0}}, {"geometry": {"type": "Point", "coordinates": [140.829, 42.568]}, "type": "Feature", "properties": {"type": 0}}, {"geometry": {"type": "Point", "coordinates": [140.777, 42.508]}, "type": "Feature", "properties": {"type": 0}}, {"geometry": {"type": "Point", "coordinates": [140.677, 42.437]}, "type": "Feature", "properties": {"type": 1}}, {"geometry": {"type": "Point", "coordinates": [129.987, 35.013]}, "type": "Feature", "properties": {"type": 0}}, {"geometry": {"type": "Point", "coordinates": [130.103, 35.144]}, "type": "Feature", "properties": {"type": 0}}, {"geometry": {"type": "Point", "coordinates": [129.958, 35.36]}, "type": "Feature", "properties": {"type": 1}}, {"geometry": {"type": "Point", "coordinates": [130.126, 34.962]}, "type": "Feature", "properties": {"type": 0}}, {"geometry": {"type": "Point", "coordinates": [140.202, 42.152]}, "type": "Feature", "properties": {"type": 1}}, {"geometry": {"type": "Point", "coordinates": [140.539, 42.373]}, "type": "Feature", "properties": {"type": 0}}, {"geometry": {"type": "Point", "coordinates": [140.589, 42.441]}, "type": "Feature", "properties": {"type": 0}}, {"geometry": {"type": "Point", "coordinates": [130.093, 34.883]}, "type": "Feature", "properties": {"type": 0}}, {"geometry": {"type": "Point", "coordinates": [140.504, 42.38]}, "type": "Feature", "properties": {"type": 1}}, {"geometry": {"type": "Point", "coordinates": [130.143, 34.834]}, "type": "Feature", "properties": {"type": 0}}, {"geometry": {"type": "Point", "coordinates": [130.064, 34.873]}, "type": "Feature", "properties": {"type": 0}}, {"geometry": {"type": "Point", "coordinates": [140.605, 42.478]}, "type": "Feature", "properties": {"type": 1}}, {"geometry": {"type": "Point", "coordinates": [140.481, 42.39]}, "type": "Feature", "properties": {"type": 1}}, {"geometry": {"type": "Point", "coordinates": [140.753, 42.543]}, "type": "Feature", "properties": {"type": 1}}, {"geometry": {"type": "Point", "coordinates": [130.117, 35.206]}, "type": "Feature", "properties": {"type": 0}}, {"geometry": {"type": "Point", "coordinates": [130.128, 34.917]}, "type": "Feature", "properties": {"type": 0}}, {"geometry": {"type": "Point", "coordinates": [130.148, 34.921]}, "type": "Feature", "properties": {"type": 0}}, {"geometry": {"type": "Point", "coordinates": [140.418, 42.319]}, "type": "Feature", "properties": {"type": 0}}, {"geometry": {"type": "Point", "coordinates": [129.993, 34.949]}, "type": "Feature", "properties": {"type": 0}}, {"geometry": {"type": "Point", "coordinates": [130.022, 34.952]}, "type": "Feature", "properties": {"type": 0}}, {"geometry": {"type": "Point", "coordinates": [140.637, 42.499]}, "type": "Feature", "properties": {"type": 1}}, {"geometry": {"type": "Point", "coordinates": [140.203, 42.15]}, "type": "Feature", "properties": {"type": 0}}, {"geometry": {"type": "Point", "coordinates": [140.375, 42.344]}, "type": "Feature", "properties": {"type": 0}}, {"geometry": {"type": "Point", "coordinates": [140.749, 42.615]}, "type": "Feature", "properties": {"type": 1}}, {"geometry": {"type": "Point", "coordinates": [129.976, 35.214]}, "type": "Feature", "properties": {"type": 1}}, {"geometry": {"type": "Point", "coordinates": [130.031, 34.87]}, "type": "Feature", "properties": {"type": 0}}, {"geometry": {"type": "Point", "coordinates": [140.524, 42.402]}, "type": "Feature", "properties": {"type": 1}}, {"geometry": {"type": "Point", "coordinates": [130.15, 34.865]}, "type": "Feature", "properties": {"type": 0}}, {"geometry": {"type": "Point", "coordinates": [124.928, 22.035]}, "type": "Feature", "properties": {"type": 1}}, {"geometry": {"type": "Point", "coordinates": [124.829, 22.113]}, "type": "Feature", "properties": {"type": 1}}, {"geometry": {"type": "Point", "coordinates": [124.877, 22.303]}, "type": "Feature", "properties": {"type": 0}}, {"geometry": {"type": "Point", "coordinates": [140.87, 42.587]}, "type": "Feature", "properties": {"type": 1}}, {"geometry": {"type": "Point", "coordinates": [140.868, 42.579]}, "type": "Feature", "properties": {"type": 0}}, {"geometry": {"type": "Point", "coordinates": [129.981, 34.943]}, "type": "Feature", "properties": {"type": 0}}, {"geometry": {"type": "Point", "coordinates": [130.052, 34.91]}, "type": "Feature", "properties": {"type": 0}}, {"geometry": {"type": "Point", "coordinates": [130.036, 34.957]}, "type": "Feature", "properties": {"type": 0}}, {"geometry": {"type": "Point", "coordinates": [130.135, 34.891]}, "type": "Feature", "properties": {"type": 0}}, {"geometry": {"type": "Point", "coordinates": [130.0, 34.962]}, "type": "Feature", "properties": {"type": 1}}, {"geometry": {"type": "Point", "coordinates": [140.618, 42.414]}, "type": "Feature", "properties": {"type": 1}}, {"geometry": {"type": "Point", "coordinates": [130.088, 34.896]}, "type": "Feature", "properties": {"type": 0}}, {"geometry": {"type": "Point", "coordinates": [140.626, 42.492]}, "type": "Feature", "properties": {"type": 1}}, {"geometry": {"type": "Point", "coordinates": [140.649, 42.417]}, "type": "Feature", "properties": {"type": 0}}, {"geometry": {"type": "Point", "coordinates": [140.533, 42.304]}, "type": "Feature", "properties": {"type": 1}}, {"geometry": {"type": "Point", "coordinates": [130.036, 34.814]}, "type": "Feature", "properties": {"type": 0}}, {"geometry": {"type": "Point", "coordinates": [130.041, 34.966]}, "type": "Feature", "properties": {"type": 0}}, {"geometry": {"type": "Point", "coordinates": [130.149, 34.853]}, "type": "Feature", "properties": {"type": 0}}, {"geometry": {"type": "Point", "coordinates": [140.586, 42.234]}, "type": "Feature", "properties": {"type": 1}}, {"geometry": {"type": "Point", "coordinates": [140.571, 42.239]}, "type": "Feature", "properties": {"type": 0}}, {"geometry": {"type": "Point", "coordinates": [129.947, 34.931]}, "type": "Feature", "properties": {"type": 0}}, {"geometry": {"type": "Point", "coordinates": [140.695, 42.514]}, "type": "Feature", "properties": {"type": 1}}]}